"Unbekannter Titel"	"Nennungen"	"Schreibweise"	"Release"	"Freigabe"	"Kommentar"
"Skyrim Special Edition"	8	""		"."	"The Elder Scrolls V: Skyrim"
"Hearts of Iron 4"	7	""		"."	"Hearts of Iron IV"
"Steep"	7	""		"."	"Steep (Gold Edition)"
"Doom 2016"	7	"Steep"		"."	""
"Skyrim SE"	6	""		"."	"The Elder Scrolls V: Skyrim"
"F1 2016"	5	"F1 2016"		"."	"F1 2016 (Limited Edition)"
"Endless Space 2"	5	""		"."	""
"The Walking Dead: A New Frontier"	5	""	2016	"."	""
"Gothic Multiplayer"	5	"Gothic II"		"."	""
"Pokemon Moon"	5	""		"."	"Pokémon Mond"
"The Elder Scrolls V: Skyrim Special Edition"	5	""		"."	"The Elder Scrolls V: Skyrim"
"Pokemon Sun"	5	""		"."	"Pokémon Sonne"
"Division"	5	""		"."	"Tom Clancy's The Division"
"Slime Rancher"	4	""	2016	"."	""
"Black Desert Online"	4	""	2015	"usk16"	""
"Pokemon Go"	4	""		"."	"Pokémon GO"
"Watchdogs 2"	4	""		"."	"Watch Dogs 2 (Gold Edition)"
"Enderal"	4	"The Elder Scrolls V: Skyrim"		"."	""
"Everspace"	3	""		"."	"Everspace (GOG, Early Access)"
"BF1"	3	""		"."	"Battlefield 1"
"Batman Telltale"	3	"Batman: A Telltale Series"	2016	"."	""
"The Solus Project"	3	""		"."	"The Solus Project  (Steam, Early Access)"
"Shadow Tactics"	3	""		"."	"Shadow Tactics: Blades of the Shogun (Limited Collector's Edition)"
"Batman - The Telltale Series"	3	"Batman: A Telltale Series"		"."	""
"Ark:Survival evolved"	2	"Ark: Survival Evolved"		"."	"Ark: Survival Evolved (Steam, Early Access)"
"Battlefield One"	2	"Battlefield 1"		"."	""
"Dragons Dogma Dark Arisen"	2	""		"."	"Dragon's Dogma: Dark Arisen"
"The Divison"	2	""		"."	"Tom Clancy's The Division"
"Dragonsoul"	2	"DragonSoul"	2015	"usk6"	""
"Orwell"	2	""	2016	"."	""
"Dishonered 2"	2	"Dishonored 2"		"."	"Dishonored 2"
"Hitman (2016)"	2	""	2016	"usk18"	""
"Overcooked"	2	""	2016	"."	""
"Dead Island Riptide Definitive Edition"	2	""		"."	"Dead Island: Riptide"
"Svens Co-op"	2	""		"."	"Half-Life"
"Monster Hunter 4u"	2	""		"."	"Monster Hunter 4 Ultimate"
"Civilisation 6"	2	""		"."	"Sid Meier's Civilization VI"
"Widelands"	2	""	2002	"."	""
"TES Oblivion"	2	""		"."	"The Elder Scrolls IV: Oblivion"
"Pokemon go"	2	""		"."	"Pokémon GO"
"Titan Fall 2"	2	""		"."	"Titanfall 2"
"Dragonball Xenoverse 2"	2	""		"."	"Dragon Ball: Xenoverse 2"
"Landwirtschafts Simulator 2017"	2	"Landwirtschafts-Simulator 17"	2016	"usk0"	""
"Skyrim: Special Edition"	2	"The Elder Scrolls V: Skyrim"		"."	""
"No Mans Sky"	2	"No Man’s Sky"		"."	"No Man's Sky"
"Salt & Sanctuary"	2	"Salt and Sanctuary"		"."	"Salt and Sanctuary (Steam)"
"Football Manager 17"	2	"Football Manager 2017"		"."	"Football Manager 2017 (Limited Edition)"
"Streamline"	2	""	2016	"."	""
"Counter Strike Global:Offensive"	2	""		"."	"Counter-Strike: Global Offensive"
"The Great Whale Road"	2	""	2017	"."	""
"Xenoverse 2"	2	""		"."	"Dragon Ball: Xenoverse 2"
"Battlerite"	2	""	2016	"."	""
"Clash Royale"	2	""	2016	"usk6"	""
"Pokémon Sonne/Mond"	2	"(???) Pokémon Sonne/Mond"		"."	""
"Adrift"	1	""	2016	"."	""
"The Legend of Zelda - Ocarina of Time"	1	""		"."	"The Legend of Zelda: Ocarina of Time"
"Vampire: The Masquerade Bloodlines"	1	""		"."	"Vampire: The Masquerade - Bloodlines"
"SW Battlefront"	1	""		"."	"Star Wars: Battlefront"
"Kingpin"	1	""		"."	"Kingpin: Life of Crime"
"Shadow Warrior (2013, PC Steam)"	1	"Shadow Warrior (2013)"	2013	"."	""
"Super Mutant Alien Assault"	1	""	2015	"."	""
"Hyrule Warriors Legends (3DS)"	1	""		"."	"Hyrule Warriors: Legends"
"doom 2016"	1	"Doom (2016)"	2016	"usk18"	""
"Thief IV"	1	"Thief (2014)"	2014	"usk16"	""
"Torchligth"	1	""		"."	"Torchlight"
"Ratchet and Clank 3"	1	""		"."	"Ratchet & Clank 3"
"Hero's Song"	1	""	2016	"."	""
"Shadow Taktiks Blade of The Shogun"	1	"Shadow Tactics: Blades of the Shogun"		"."	"Shadow Tactics: Blades of the Shogun (Limited Collector's Edition)"
"Dragosien"	1	"Dragosien - Land der Drachen"	2007	"."	""
"Middle-Earth:Shaddow of Mordor"	1	""		"."	"Mittelerde: Mordors Schatten"
"CALLOFDUTY"	1	"(???) CALLOFDUTY"		"."	""
"Pokemon Schwarze Edition"	1	""		"."	""
"Dragon Quest VIII"	1	""		"."	""
"Counter Srike Global Offensive"	1	""		"."	""
"RWBY - Grimm Eclipse"	1	""		"."	""
"Out There: Omega Edition"	1	""		"."	""
"Synonomy"	1	""		"."	""
"Kirby Planet Robobot"	1	""		"."	""
"Drednougt"	1	""		"."	""
"Knights of the Old Republic 2: The Sith Lords"	1	""		"."	""
"Wolfenstein - The Old Blood"	1	""		"."	""
"Mario und Luigi: Dream team"	1	""		"."	""
"Rigs mcl"	1	""		"."	""
"God of War Collection 1"	1	""		"."	""
"Trine 2 Complete Edition"	1	""		"."	""
"COD IW"	1	""		"."	""
"Pro Evo 2017"	1	""		"."	""
"Sid Meier’s Civilization VI"	1	""		"."	""
"Call of Duty Infinite Warfare"	1	""		"."	""
"Driveclub VR"	1	""		"."	""
"Spider Rite of the Shrouded Moon"	1	""		"."	""
"Tropico4"	1	""		"."	""
"The Sparkle Zero"	1	""		"."	""
"Dragon Ages: Origins"	1	""		"."	""
"The Simpsons"	1	""		"."	""
"Magick 2014"	1	""		"."	""
"Wasteland II"	1	""		"."	""
"The Elder Scrolls Legends"	1	""		"."	""
"Sleeping Dogs (Remaster)"	1	""		"."	""
"Mah jongg"	1	""		"."	""
"Case Clicker"	1	""		"."	""
"birth of the empire"	1	""		"."	""
"clash royale"	1	""		"."	""
"RainbowSixSiege"	1	""		"."	""
"Tom Clancy's Ghost Recon - Future Soldier"	1	""		"."	""
"Infectonator: Survivors"	1	""		"."	""
"Trough the Woods"	1	""		"."	""
"Sheltered"	1	""		"."	""
"The Elder Scrolls V Skyrim Special Edition"	1	""		"."	""
"Unkilled"	1	""		"."	""
"Modern Warfare Remastered"	1	""		"."	""
"Minecraft (VR und Flatgaming)"	1	""		"."	""
"Star Wars - Jedi Knight: Jedi Academy"	1	""		"."	""
"TrackMania²: Stadium"	1	""		"."	""
"Tuber Simulator"	1	""		"."	""
"Pool Nation VR"	1	""		"."	""
"This War ofMine"	1	""		"."	""
"Bit Blaster XL"	1	""		"."	""
"The Elder Scrolls IV - Oblivion"	1	""		"."	""
"Homeworld Deserts of Kharak"	1	""		"."	""
"The divison"	1	""		"."	""
"The Legend of Zelda: A Linkt to the Past"	1	""		"."	""
"GTA: San Andreas"	1	""		"."	""
"Highlands"	1	""		"."	""
"Die Siedler 2.5"	1	""		"."	""
"ADOM"	1	""		"."	""
"Best Fiends"	1	""		"."	""
"The Legend of Zelda Wind Waker"	1	""		"."	""
"Sakura Santa"	1	""		"."	""
"Deception IV"	1	""		"."	""
"Onward VR"	1	""		"."	""
"Gwent Beta"	1	""		"."	""
"CoD infinite Warfare"	1	""		"."	""
"Age of Conan Online"	1	""		"."	""
"Sind of a solar Empire"	1	""		"."	""
"Batman Akrham Knight"	1	""		"."	""
"Runaway 2"	1	""		"."	""
"Runaway 3"	1	""		"."	""
"Black Desert"	1	""		"."	""
"Deus Ex - Mankind Divided"	1	""		"."	""
"EVE Valkyrie"	1	""		"."	""
"Call of Duty Remastered"	1	""		"."	""
"Prompt"	1	""		"."	""
"Batttlefield: Bad Company 2"	1	""		"."	""
"Star Wr"	1	""		"."	""
"Forza Horzon 3"	1	""		"."	""
"Metal Gear Rising Revengens"	1	""		"."	""
"Rainbow 6"	1	""		"."	""
"Counter Strike: Global Ofensive"	1	""		"."	""
"Gravity Falls - Die Legende der Zergenjuwelette"	1	""		"."	""
"Shenmue 1(Dreamcast)"	1	""		"."	""
"Ratched and Clank Series"	1	""		"."	""
"Minecraft FTB infinity evolved"	1	""		"."	""
"You Have to Win the Game"	1	""		"."	""
"Metroid Prime 3"	1	""		"."	""
"C&C Zero Hour"	1	""		"."	""
"hearthston"	1	""		"."	""
"Stardew Vally"	1	""		"."	""
"HayDay"	1	""		"."	""
"Ultimate Chickenhorse"	1	""		"."	""
"Tomb Raider:Rise of the Tomb Raider"	1	""		"."	""
"Jelly Killer"	1	""		"."	""
"NFL Mobile"	1	""		"."	""
"One Piece: Treasure Cruise"	1	""		"."	""
"Through Abandoned 2. The Forest"	1	""		"."	""
"Die Siedler (iOS)"	1	""		"."	""
"EU 4"	1	""		"."	""
"Minecraft: Story Mode - A Telltale Games Series"	1	""		"."	""
"Call of Duty: Advanced Warface"	1	""		"."	""
"Kingdom Rush (Android)"	1	""		"."	""
"No man´s sky"	1	""		"."	""
"Cally´s Cave 3"	1	""		"."	""
"Zup!2"	1	""		"."	""
"Total War : Warhammer"	1	""		"."	""
"Machines vs Androids"	1	""		"."	""
"Walking Dead Season 3"	1	""		"."	""
"Minion Masters"	1	""		"."	""
"stalker soc"	1	""		"."	""
"TES V: Skyrim SE"	1	""		"."	""
"Niggers vs Niggers 5"	1	""		"."	""
"Brothers, A Tale of two Sons (Windows)"	1	""		"."	""
"Factorio (STEAM)"	1	""		"."	""
"Grand Theft Auto Episodes from Liberty city"	1	""		"."	""
"Trackmania Nations 2"	1	""		"."	""
"The Legend of Zela - Link's Awakening DX (3DS Virtual Console)"	1	""		"."	""
"Soccer Spirits"	1	""		"."	""
"COD:Black OPS 2"	1	""		"."	""
"BlazBlue Central Fiction"	1	""		"."	""
"Demon's Crest 2"	1	""		"."	""
"Star Wars Jedi Academy"	1	""		"."	""
"Sniper Elte 3"	1	""		"."	""
"SNIPERELITE"	1	""		"."	""
"Super Smash Bros Melee"	1	""		"."	""
"SlotPark"	1	""		"."	""
"Only If"	1	""		"."	""
"Soul Calibur 5"	1	""		"."	""
"Telltale Batman"	1	""		"."	""
"Battle Brothers"	1	""		"."	""
"mount your friend"	1	""		"."	""
"Score"	1	""		"."	""
"Elder Scrolls 4 Oblivion"	1	""		"."	""
"Gwent Online"	1	""		"."	""
"Until dawn rush of blood"	1	""		"."	""
"Rusty Lake: Roots"	1	""		"."	""
"Crusader's King 2"	1	""		"."	""
"Doom(2016)"	1	""		"."	""
"Pokémon Sun"	1	""		"."	""
"Mirror's Edge: Catalyst"	1	""		"."	""
"Dead or Alive Last Round"	1	""		"."	""
"Sid Meiers Civilation 5"	1	""		"."	""
"Touhou Project"	1	""		"."	""
"The Witcher enhanced e"	1	""		"."	""
"10 Phases"	1	""		"."	""
"The Witcher 3 GOTY"	1	""		"."	""
"The Elder Scrolls: Legends"	1	""		"."	""
"Skyrin"	1	""		"."	""
"Gothic 2: Die Nacht des Raben (Mehrspieler-Mod)"	1	""		"."	""
"Castlevania(SNES)"	1	""		"."	""
"Digital Combat Simulator"	1	""		"."	""
"Call Of Duty Infinite Warfare"	1	""		"."	""
"Mirror Edge"	1	""		"."	""
"Dishorned 2"	1	""		"."	""
"POLYGOD"	1	""		"."	""
"Skyrim: Enderal"	1	""		"."	""
"Rhythm Paradies Megamix"	1	""		"."	""
"warlords battlecry III"	1	""		"."	""
"Guild Wars 2 (Heart of Thornes)"	1	""		"."	""
"Dragonball Xenoverse"	1	""		"."	""
"Crossout (closed beta)"	1	""		"."	""
"Manual Samuel"	1	""		"."	""
"Darksiders Warmastered"	1	""		"."	""
"Astroneer"	1	""		"."	""
"Infinite Air"	1	""		"."	""
"Karmaflow - The Rock Opera Videogame"	1	""		"."	""
"Dead or Alive Xtreme 3"	1	""		"."	""
"Elder Scrolls V: SE"	1	""		"."	""
"Citiys:skyline"	1	""		"."	""
"The Banner Saga 1"	1	""		"."	""
"Haterd"	1	""		"."	""
"Merger 3D"	1	""		"."	""
"ZUP"	1	""		"."	""
"Open RA"	1	""		"."	""
"Goblins and Grottos"	1	""		"."	""
"Until Dann"	1	""		"."	""
"Rainbow: Six Siege"	1	""		"."	""
"Dragon Age 1"	1	""		"."	""
"DB Xenoverse 2"	1	""		"."	""
"Dragon Ball Xenoverse 2"	1	""		"."	""
"Enter The Gungeon"	1	""		"."	""
"Starless"	1	""		"."	""
"Master of Orion - Conquer the Stars"	1	""		"."	""
"Tom Clancys The Division"	1	""		"."	""
"Shadowverse"	1	""		"."	""
"Halleluja"	1	""		"."	""
"The Wolf amongst us"	1	""		"."	""
"Worms WMD"	1	""		"."	""
"Phoenix Wright: Ace Attorney - Spirit of Justice"	1	""		"."	""
"Sakura Fantasy"	1	""		"."	""
"Rise of the Tomb Taider"	1	""		"."	""
"The Witcher III - Game of the Year Edition"	1	""		"."	""
"Command & Conquer - Red Alert 2 - Yuri's Revenge"	1	""		"."	""
"Pokémon: Sonne"	1	""		"."	""
"the wichter 3"	1	""		"."	""
"Diverse Solitär-Spiele"	1	""		"."	""
"Kerbal Space Prog"	1	""		"."	""
"Rome Total War I"	1	""		"."	""
"ShellShock Live"	1	""		"."	""
"Assetto Cors"	1	""		"."	""
"Warhammer: endtimes vermentide"	1	""		"."	""
"Tom Clancy Rainbow Six Siege"	1	""		"."	""
"The Elder Scolls V: Skyrim - Special Edition"	1	""		"."	""
"total war warhammer"	1	""		"."	""
"Nonograms Katana"	1	""		"."	""
"Homefront Revolution"	1	""		"."	""
"Star Wars Academy:MB2"	1	""		"."	""
"The Legend of Zelda Ocarina of Time 3D"	1	""		"."	""
"Summoner's War"	1	""		"."	""
"Retro Pixel Castle"	1	""		"."	""
"Skyrim(2011)"	1	""		"."	""
"Jamestown"	1	""		"."	""
"MX vs ATV: Reflex"	1	""		"."	""
"Everybody is gone to the Rapture"	1	""		"."	""
"Cat Lady"	1	""		"."	""
"Killling floor2"	1	""		"."	""
"Nehrim"	1	""		"."	""
"Batman Arkam City (Remastered)"	1	""		"."	""
"Mission Impossible (N64)"	1	""		"."	""
"Shadowrun: Honkong"	1	""		"."	""
"Clash royale"	1	""		"."	""
"Fifa 2017"	1	""		"."	""
"Battlerites"	1	""		"."	""
"Darksiders 2 Deathinitve Edition"	1	""		"."	""
"Brigador"	1	""		"."	""
"Skyrim Special Edititon"	1	""		"."	""
"Monkey Island 2 Special Edition"	1	""		"."	""
"Pokemon Ruby"	1	""		"."	""
"Atelier Sophie"	1	""		"."	""
"Fire Emblem Fates"	1	""		"."	""
"Deus Ex Mankind Divined (PC)"	1	""		"."	""
"Shadows Warrior 2"	1	""		"."	""
"Need for Speed (2016)"	1	""		"."	""
"Ratchet und Clank"	1	""		"."	""
"Swordbreaker:  The Game"	1	""		"."	""
"Star Wars Battlefront EA"	1	""		"."	""
"COD Modern Warfare 2 PC Rocket V2"	1	""		"."	""
"Doom 4"	1	""		"."	""
"250+ Solitär"	1	""		"."	""
"Battle realms Complete"	1	""		"."	""
"Attack on Titan / A.O.T. Wings of Freedom"	1	""		"."	""
"Gouvernor of Poker 3"	1	""		"."	""
"Skyrim Classic"	1	""		"."	""
"Tales of Monkey Island"	1	""		"."	""
"Super Marion 3d World"	1	""		"."	""
"Alice's Patchwork"	1	""		"."	""
"raft (beta)"	1	""		"."	""
"The Walking Dead Michonne"	1	""		"."	""
"H1Z1: King of the Kill"	1	""		"."	""
"Tiger Knight"	1	""		"."	""
"Unblock Me"	1	""		"."	""
"Hyrule Warriors (Wii U)"	1	""		"."	""
"Terarria"	1	""		"."	""
"Long Dark"	1	""		"."	""
"call of duty infinity warfare"	1	""		"."	""
"Mario kart u"	1	""		"."	""
"Sword Art Online"	1	""		"."	""
"Shadow Tactics - Blades of the Shogun"	1	""		"."	""
"Titanfall2"	1	""		"."	""
"Gwent"	1	""		"."	""
"Deus Ex MKD"	1	""		"."	""
"Atlas reactor"	1	""		"."	""
"Adr1ft (olulus)"	1	""		"."	""
"Bastard Bonds"	1	""		"."	""
"Space Hulk Deathwing"	1	""		"."	""
"The Rise of Tombraider"	1	""		"."	""
"Darl Souls"	1	""		"."	""
"Divinity: Original Sin I"	1	""		"."	""
"Batman: The Telltale Series"	1	""		"."	""
"Cities: Skyline"	1	""		"."	""
"Heaven Island - VR MMO"	1	""		"."	""
"Alphabear"	1	""		"."	""
"Hover Junkers"	1	""		"."	""
"Calm Down Stalin"	1	""		"."	""
"The Witcher (1)"	1	""		"."	""
"CoD:IW"	1	""		"."	""
"Kingdom Rush (Steam)"	1	""		"."	""
"Steel Beast Pro PE"	1	""		"."	""
"Skyrim special Edition"	1	""		"."	""
"Hungry Cat Picross"	1	""		"."	""
"Dead Rising 2: OTR"	1	""		"."	""
"Mad Max (2015)"	1	""		"."	""
"BlazBlue Chronophantasma"	1	""		"."	""
"Counter-Strike: Globale Offensive"	1	""		"."	""
"Reise oft the Tomb Raider"	1	""		"."	""
"Fahrenheit Remastered (Windows)"	1	""		"."	""
"Metal gear solid 1"	1	""		"."	""
"Elder Scrolls Online: Tamriel Unlimited"	1	""		"."	""
"Beam.NG Drive"	1	""		"."	""
"World of Wasrhip"	1	""		"."	""
"Elder Scrolls V: - Skyrim Special Edition"	1	""		"."	""
"Hexa Blocks"	1	""		"."	""
"Redie"	1	""		"."	""
"BoneBone: Rise of the Deathlord"	1	""		"."	""
"Test Drive Unlimited"	1	""		"."	""
"tes oblivion"	1	""		"."	""
"Star Wars Tiny Death Star"	1	""		"."	""
"Gothic II dNdR"	1	""		"."	""
"Titanfall 2 (PC)"	1	""		"."	""
"Total War Warhammer"	1	""		"."	""
"Cockatrize"	1	""		"."	""
"NHL17"	1	""		"."	""
"Fire Emblem Conquest"	1	""		"."	""
"Wayward Sky"	1	""		"."	""
"Pony  Island"	1	""		"."	""
"Warhammer40.000 Dawn of War II Retribution"	1	""		"."	""
"Dynasty Warrios 8"	1	""		"."	""
"Bravely Second"	1	""		"."	""
"Counterstrie Global Offensive"	1	""		"."	""
"Brookhaven Experiement VR"	1	""		"."	""
"The Legend of Zelda Majoras Mask 3D"	1	""		"."	""
"Civilization Revolution V"	1	""		"."	""
"Skyrim - Enderal"	1	""		"."	""
"Dungeons of the Endless"	1	""		"."	""
"Drakensang - Am Fluss der Zeit"	1	""		"."	""
"Kung Fu Panda:  Showdown of Legendary Legends"	1	""		"."	""
"Legend of Zelda Twilight Princess"	1	""		"."	""
"C.R.E.E.P.S"	1	""		"."	""
"Steredenn"	1	""		"."	""
"Divinity: Original Sins"	1	""		"."	""
"battlefiel 1"	1	""		"."	""
"King's Bounty the Legend"	1	""		"."	""
"Chivalary"	1	""		"."	""
"League oft Legends"	1	""		"."	""
"VA-11 Hall-A"	1	""		"."	""
"Minecraft: Story Mode - A TTG Games Series"	1	""		"."	""
"Doom3 VR Modifikation"	1	""		"."	""
"starcraft I"	1	""		"."	""
"Atlas Reactor"	1	""		"."	""
"Worms - WMD"	1	""		"."	""
"Chess.com"	1	""		"."	""
"Paragon"	1	""		"."	""
"Supreme Commander Forged Alliance Forever"	1	""		"."	""
"Monster Hunter 4U"	1	""		"."	""
"Batman Arkam Asylum (Remastered)"	1	""		"."	""
"Talisman: DE"	1	""		"."	""
"Paragon (Epic Games)"	1	""		"."	""
"Total war Warhammer"	1	""		"."	""
"HITMAN (2016)"	1	""		"."	""
"MGS V: The Phantom Pain"	1	""		"."	""
"Counterstrike : Global offensive"	1	""		"."	""
"The Elder Scrolls: Skyrim - Special Edition"	1	""		"."	""
"C&C Kane's Wrath"	1	""		"."	""
"FC Primal"	1	""		"."	""
"Overwatch (PC)"	1	""		"."	""
"Serious Sam VR"	1	""		"."	""
"Europe Universalis 4"	1	""		"."	""
"Osiris New Dawn"	1	""		"."	""
"The Witcher 3 Wildhunt"	1	""		"."	""
"Grand Theft Auto: Episodes from Liberty City"	1	""		"."	""
"Secret Files"	1	""		"."	""
"Gothic: Total War"	1	""		"."	""
"Robotron X"	1	""		"."	""
"Perfect World Online"	1	""		"."	""
"Ciivilisation 6"	1	""		"."	""
"Deus ex - mankind divided"	1	""		"."	""
"Vampires Dawn"	1	""		"."	""
"Ori"	1	""		"."	""
"Gem Craft-Chasing Shadows"	1	""		"."	""
"Final Fantasy Brave Exvius"	1	""		"."	""
"Dragon Age: Origins - Ultimate Edition"	1	""		"."	""
"Telltale The Walking Dead"	1	""		"."	""
"Petals (Jolla App)"	1	""		"."	""
"LEGO- The Hobbit"	1	""		"."	""
"Return to Castel Wolfenstein"	1	""		"."	""
"Buckets of blood"	1	""		"."	""
"DEADRISING3"	1	""		"."	""
"Shadowrun:Hong Kong"	1	""		"."	""
"Trackmania Turb"	1	""		"."	""
"Farmingsimulator 2017"	1	""		"."	""
"Ori and the Blind Forrest"	1	""		"."	""
"Landwirtschafts-Simulator 17"	1	""		"."	""
"Gothic 2 DNdR L-Hiver Edition"	1	""		"."	""
"Star Wars Knights of the Old Republic 2"	1	""		"."	""
"AdventureQuest 3D"	1	""		"."	""
"CK2"	1	""		"."	""
"Chromagun"	1	""		"."	""
"Resident EviL HD REMASTER"	1	""		"."	""
"UFC 2"	1	""		"."	""
"Xcom2"	1	""		"."	""
"Path of the Exile"	1	""		"."	""
"LS 17"	1	""		"."	""
"Murdered"	1	""		"."	""
"Super Mario Maker 3DS"	1	""		"."	""
"Counter Strike Global Offfensive"	1	""		"."	""
"My Summer Car"	1	""		"."	""
"Orion Prelude"	1	""		"."	""
"Empyrion - Galactic Surrvial"	1	""		"."	""
"Edain Mod (SuM)"	1	""		"."	""
"Counter Strike- GO"	1	""		"."	""
"stayed of decay"	1	""		"."	""
"Spell Force"	1	""		"."	""
"Batman - Arkham Knight"	1	""		"."	""
"Rebuild 3"	1	""		"."	""
"Shadwo Warrior 2"	1	""		"."	""
"star citicen"	1	""		"."	""
"Dragonball Online"	1	""		"."	""
"Warhammer: End Times Vermintide"	1	""		"."	""
"Boxes Love Boxing Gloves"	1	""		"."	""
"Trackmania Turbo"	1	""		"."	""
"Darkest Hour"	1	""		"."	""
"The Elder Scrolls Skyrim SE"	1	""		"."	""
"Grand Theft V"	1	""		"."	""
"Fidel - Dungeon Rescue"	1	""		"."	""
"Spyro 2"	1	""		"."	""
"Inside (STEAM)"	1	""		"."	""
"Shadow Warrior 2 (2016)"	1	""		"."	""
"TechnoMage"	1	""		"."	""
"Battelfield 1"	1	""		"."	""
"Pokemon: Gold"	1	""		"."	""
"Falout 4"	1	""		"."	""
"Football Manager 16"	1	""		"."	""
"Shadow of Modor"	1	""		"."	""
"Kartenspiele"	1	""		"."	""
"Zelda Majoras Mask 3D"	1	""		"."	""
"Friday 13th"	1	""		"."	""
"Pinball FX 2 VR"	1	""		"."	""
"DYINGLIGHT"	1	""		"."	""
"GTA V / GTA V Online"	1	""		"."	""
"sauerbraten"	1	""		"."	""
"Aoe 2"	1	""		"."	""
"Orcs Must Die Unchained"	1	""		"."	""
"Ares EX"	1	""		"."	""
"legend of legaia ja ich weis bin retro XD"	1	""		"."	""
"0ad"	1	""		"."	""
"InCell VR"	1	""		"."	""
"Nintendo Badge Arcade"	1	""		"."	""
"Sid Meyers Civiliation"	1	""		"."	""
"The elder scroll: Skyrim V special edition"	1	""		"."	""
"Deus Ex Mankind"	1	""		"."	""
"Binding of Isaac:Rebirth"	1	""		"."	""
"Klondike"	1	""		"."	""
"Elder Scrolls Oblivion"	1	""		"."	""
"Legend of Heroes - Trails in the Sky"	1	""		"."	""
"Rush of blood"	1	""		"."	""
"Make America great again: The Trump Presidency"	1	""		"."	""
"Starborne"	1	""		"."	""
"Deus Ex Mankind Devided"	1	""		"."	""
"Might and Magic: Heroes VII"	1	""		"."	""
"Masters of Orion"	1	""		"."	""
"Metro: 2033 Redux"	1	""		"."	""
"Bridge Constructor Medieval"	1	""		"."	""
"Pokemon Weiß 2"	1	""		"."	""
"Daxter (PSP)"	1	""		"."	""
"Emergency 2017"	1	""		"."	""
"Wolfenstein NO"	1	""		"."	""
"Titan Quest Anniversary"	1	""		"."	""
"Grim Dwan"	1	""		"."	""
"Halflife Prospekt"	1	""		"."	""
"Mafia III (2016)"	1	""		"."	""
"Sakura Angel"	1	""		"."	""
"Dominion Online"	1	""		"."	""
"Monkey Island  SE"	1	""		"."	""
"Sorcery!"	1	""		"."	""
"Landwirtschafts Simulator 2016"	1	""		"."	""
"Might & Magic Heroes VII"	1	""		"."	""
"BAM VR (Bullets and More)"	1	""		"."	""
"H1Z1 King of the Kill"	1	""		"."	""
"IL2"	1	""		"."	""
"Deus Ex: Mankind Devided"	1	""		"."	""
"Sykrim"	1	""		"."	""
"Paper Mario Color Splash"	1	""		"."	""
"Saints Row:The Third"	1	""		"."	""
"Kindred Spirit on the Roof"	1	""		"."	""
"Elder Scrolls Legends"	1	""		"."	""
"C & C: Red Alert 3"	1	""		"."	""
"Risen2 Dark Waters"	1	""		"."	""
"Crosscode"	1	""		"."	""
"60 Seconds"	1	""		"."	""
"The Batlle for Wesnoth"	1	""		"."	""
"CIV VI"	1	""		"."	""
"diverse LEGO"	1	""		"."	""
"Lego Star Wars Das Erwachen der Macht"	1	""		"."	""
"Kingdom Rush Origins"	1	""		"."	""
"Metal Gear Solid V - Phantom Pain"	1	""		"."	""
"The Elder Scrolls IV - Skyrim"	1	""		"."	""
"MGS5 TPP"	1	""		"."	""
"EDF 4.1 The Shadow of the New Despire"	1	""		"."	""
"Saint's Row 3"	1	""		"."	""
"Warhammer 40k - Soulstorm"	1	""		"."	""
"Rise of the Tombraider"	1	""		"."	""
"Gothic 2 DNdR Rückkehr Rebalance"	1	""		"."	""
"Arche Age"	1	""		"."	""
"Hearthdtomeq"	1	""		"."	""
"Call of Duty IW"	1	""		"."	""
"H3VR (Hotdog Horseshoes and Handgrenades)"	1	""		"."	""
"Civiliziation 6"	1	""		"."	""
"Thief 2014"	1	""		"."	""
"NuDoom"	1	""		"."	""
"DEINE MUDDA!!!!!!!!!!!!!!!!!!!!!!!!!!!!!!!!!!!!!!!!!!!!!!!!!!!!!!!!!!!!!!!!!!!!!!"	1	""		"."	""
"Tribez"	1	""		"."	""
"Tom Raider"	1	""		"."	""
"World of Warcraft 1"	1	""		"."	""
"The Spirit Engine II"	1	""		"."	""
"Super Mario Worlds"	1	""		"."	""
"Tiger Knight: Empire War"	1	""		"."	""
"Civilization IV: Colonization"	1	""		"."	""
"Skyrim Remastered Edition"	1	""		"."	""
"Pokemon fan mod (Uranium)"	1	""		"."	""
"Deine Mutter"	1	""		"."	""
"Ori and the Blind Forest Definitive Edition"	1	""		"."	""
"NCAA Football 14"	1	""		"."	""
"TES Skyrim SE"	1	""		"."	""
"Kingdom Wars"	1	""		"."	""
"The Black Death"	1	""		"."	""
"Ace Attorney"	1	""		"."	""
"Totally Accurate Battle Simulator"	1	""		"."	""
"BSG: Squadrons"	1	""		"."	""
"Shellshock Live"	1	""		"."	""
"Dead Island Definitive Edition"	1	""		"."	""
"Battlestick"	1	""		"."	""
"Tales of Link"	1	""		"."	""
"Planetcoaster"	1	""		"."	""
"Hunie Pop (PC Gog)"	1	""		"."	""
"Shenzhen I/O"	1	""		"."	""
"Sym"	1	""		"."	""
"Legend of hero serie"	1	""		"."	""
"fear 1"	1	""		"."	""
"Resident Evil 0 HD"	1	""		"."	""
"assassin creed alle teile"	1	""		"."	""
"Resident Evil HD"	1	""		"."	""
"Monster Hunter Gen"	1	""		"."	""
"Call of Duty: MW"	1	""		"."	""
"C&C 3"	1	""		"."	""
"Oriental Empires"	1	""		"."	""
"Endless Sky"	1	""		"."	""
"Castlevania mirror of fate"	1	""		"."	""
"We Happy Few"	1	""		"."	""
"Mitosis: The Game"	1	""		"."	""
"Uncharted 1 - 4"	1	""		"."	""
"Sid Meiers Civilization VI"	1	""		"."	""
"Empires Total War"	1	""		"."	""
"No mans sky"	1	""		"."	""
"I wanna be the guy"	1	""		"."	""
"GTA V: online"	1	""		"."	""
"Warhammer: the end times vermintide"	1	""		"."	""
"Edna & Harvey: Harvey's Neue Augen"	1	""		"."	""
"Underhell"	1	""		"."	""
"Witcher 3 Blood and Wine"	1	""		"."	""
"Assassins Creed Botherhood"	1	""		"."	""
"War of the Overwolrd"	1	""		"."	""
"ASTRONEER"	1	""		"."	""
"The Witcher EE"	1	""		"."	""
"Pokemon moon"	1	""		"."	""
"Mushihimesama"	1	""		"."	""
"Skyrim HD"	1	""		"."	""
"Shadow Warrior 2 (STEAM)"	1	""		"."	""
"Space Beast Terror Fright"	1	""		"."	""
"Banner Saga 2"	1	""		"."	""
"Ultima 4"	1	""		"."	""
"Counter-Strike - Global Offensice"	1	""		"."	""
"Ultima 7"	1	""		"."	""
"The Legend of Zelda: Tri Force Heroes"	1	""		"."	""
"Rocket League (STEAM)"	1	""		"."	""
"Pillars of Eternitx"	1	""		"."	""
"Elisa: The Innkeeper - Prequel"	1	""		"."	""
"DOOM 2016"	1	""		"."	""
"Cossacks Art of War"	1	""		"."	""
"Dont Starve togehter"	1	""		"."	""
"Niggers vs Niggers 3"	1	""		"."	""
"Niggers vs Niggers 2"	1	""		"."	""
"Niggers vs Niggers 1"	1	""		"."	""
"Cerdocornio"	1	""		"."	""
"Die Simpsons"	1	""		"."	""
"Niggers vs Niggers 4"	1	""		"."	""
"Civilasation V"	1	""		"."	""
"Battfield 4"	1	""		"."	""
"Skyrim -Enderal"	1	""		"."	""
"Anno 1404 Königsedition"	1	""		"."	""
"Call of Duty (2015)"	1	""		"."	""
"The Whispered Worlds"	1	""		"."	""
"Skat für Android"	1	""		"."	""
"Pathfinder Adventures: Rise of the Runelords"	1	""		"."	""
"Okhlos"	1	""		"."	""
"Riders of Icarus"	1	""		"."	""
"Lara Croft Relic Run"	1	""		"."	""
"Unchartedt 4 A Thiefs End"	1	""		"."	""
"TESV:Skyrim Special Edition"	1	""		"."	""
"GTA: 5"	1	""		"."	""
"Diablo III - Reaper of Souls"	1	""		"."	""
"Pokemon Gelb"	1	""		"."	""
"Parkitect"	1	""		"."	""
"Automobilista"	1	""		"."	""
"The Elder Scrolls V: Sykrim"	1	""		"."	""
"TOCA World Touring Cars"	1	""		"."	""
"Bloodborn"	1	""		"."	""
"Dragons Dogma Online"	1	""		"."	""
"Plantera"	1	""		"."	""
"Supreme Ruler Ultimate"	1	""		"."	""
"Burn Out Paradise City"	1	""		"."	""
"PES 2017"	1	""		"."	""
"Soundboxing"	1	""		"."	""
"Dragon Quest 7 (3DS)"	1	""		"."	""
"GTA 3 San Andreas"	1	""		"."	""
"Subsistence"	1	""		"."	""
"Bioshock 2 (Remastered)"	1	""		"."	""
"A.V.A. - Alliance of Valiant Arms"	1	""		"."	""
"Assasians Creed 2"	1	""		"."	""
"Freecell:)"	1	""		"."	""
"Famerama"	1	""		"."	""
"Oxenfreee"	1	""		"."	""
"Resident Evil Remastered"	1	""		"."	""
"Technomage"	1	""		"."	""
"Landwirtschafts Simulator 17"	1	""		"."	""
"TES 4 Oblivion"	1	""		"."	""
"Star Wars Battelfront"	1	""		"."	""
"Divine Divinity OS"	1	""		"."	""
"orwell"	1	""		"."	""
"Tom Clancys The Devision"	1	""		"."	""
"Elena"	1	""		"."	""
"diverse Wimmelbildspiele"	1	""		"."	""
"Total war Rom 2"	1	""		"."	""
"Life ist strange"	1	""		"."	""
"Batman Arham Knight"	1	""		"."	""
"Marvel Heroes 2016"	1	""		"."	""
"HoI 4"	1	""		"."	""
"Duelyst"	1	""		"."	""
"Farming Simulator 2017"	1	""		"."	""
"Shakes und Fidget"	1	""		"."	""
"Lovers in Dangerous Spacetime"	1	""		"."	""
"ryse son of rom"	1	""		"."	""
"SPAZ2"	1	""		"."	""
"Star Trek Armada 2"	1	""		"."	""
"The Dwarfes"	1	""		"."	""
"Divinity Original Sin2"	1	""		"."	""
"Skyrim LE"	1	""		"."	""
"Castle Crushers"	1	""		"."	""
"Greg Grigsbys War in the East"	1	""		"."	""
"Duke Nukem 3d Megaton"	1	""		"."	""
"WWE2K17"	1	""		"."	""
"Split Second Velocity"	1	""		"."	""
"The Walking Dead: Michonne"	1	""		"."	""
"Wolfenstein: Old Blood"	1	""		"."	""
"Onward"	1	""		"."	""
"Minecraft - FTB Infinity Lite"	1	""		"."	""
"ZombIdle"	1	""		"."	""
"Block! Hexa"	1	""		"."	""
"Sleeping Dogs (Uncut) Schwarzkopie, weil man es nicht Uncut in DE kaufen kann"	1	""		"."	""
"AGEODs Civil War 2"	1	""		"."	""
"Football Manager 2017"	1	""		"."	""
"Sorcerer Kings"	1	""		"."	""
"TES V: Skyrim - Specia Editionl"	1	""		"."	""
"Eternal"	1	""		"."	""
"Pokémon Moon"	1	""		"."	""
"AiWar"	1	""		"."	""
"Where's My Mommy"	1	""		"."	""
"DOOM(2016)"	1	""		"."	""
"super hot"	1	""		"."	""
"Totel War: Atilla"	1	""		"."	""
"Chivalry: Medieaval Warfare"	1	""		"."	""
"Farming Simulator 17"	1	""		"."	""
"Black desert online"	1	""		"."	""
"civ6"	1	""		"."	""
"Cell Lab"	1	""		"."	""
"Metal gear solide 5"	1	""		"."	""
"Inside the Facility"	1	""		"."	""
"Sly Trilogy (PS3)"	1	""		"."	""
"GreyGoo"	1	""		"."	""
"Ark Survival Evolve"	1	""		"."	""
"Teraria"	1	""		"."	""
"Star Realms"	1	""		"."	""
"Rainbow Six 3: Raven Shield"	1	""		"."	""
"Der Herr der Ringe Schlacht um Mittelerde II Aufstieg des Hexenkönigs"	1	""		"."	""
"Business Tycoon Simulator 2016"	1	""		"."	""
"Eve: Online"	1	""		"."	""
"Red Faction: Guerrilla Steam Edition"	1	""		"."	""
"Star Wars -The Force Uleashed"	1	""		"."	""
"Ultimate Chicken Horse"	1	""		"."	""
"Dishornored 2"	1	""		"."	""
"Gothic Multyplayer"	1	""		"."	""
"Fasther than Light"	1	""		"."	""
"Road to Ballhalla"	1	""		"."	""
"Titan Quest Anniversary Edition"	1	""		"."	""
"Bioshock Series"	1	""		"."	""
"Pirate Pop Plus"	1	""		"."	""
"Melty Blood Actress Again Current Code"	1	""		"."	""
